input_name,matched_name,symbol,yfinance_ticker,confidence
Reliance Industries Ltd.,Reliance Industries Limited,RELIANCE,RELIANCE.NS,90.47619047619048
Larsen & Toubro Ltd.,Larsen & Toubro Limited,LT,LT.NS,86.66666666666667
Eicher Motors Ltd.,Eicher Motors Limited,EICHERMOT,EICHERMOT.NS,86.66666666666667
Asian Paints Ltd.,Asian Paints Limited,ASIANPAINT,ASIANPAINT.NS,85.71428571428572
Britannia Industries Ltd.,Britannia Industries Limited,BRITANNIA,BRITANNIA.NS,90.9090909090909
Kotak Mahindra Bank Ltd.,Kotak Mahindra Bank Limited,KOTAKBANK,KOTAKBANK.NS,90.47619047619048
State Bank Of India,State Bank of India,SBIN,SBIN.NS,100.0
Divi'S Laboratories Ltd.,Divi's Laboratories Limited,DIVISLAB,DIVISLAB.NS,90.0
HDFC Life Insurance Company Ltd.,HDFC Life Insurance Company Limited,HDFCLIFE,HDFCLIFE.NS,93.10344827586206
Bharti Airtel Ltd.,Bharti Airtel Limited,BHARTIARTL,BHARTIARTL.NS,86.66666666666667
Avenue Supermarts Ltd.,Avenue Supermarts Limited,DMART,DMART.NS,89.47368421052632
Page Industries Ltd.,Page Industries Limited,PAGEIND,PAGEIND.NS,88.23529411764706
Hindustan Unilever Ltd.,Hindustan Unilever Limited,HINDUNILVR,HINDUNILVR.NS,90.0
Shree Cement Ltd.,SHREE CEMENT LIMITED,SHREECEM,SHREECEM.NS,85.71428571428572
Samvardhana Motherson International Ltd.,Samvardhana Motherson International Limited,MOTHERSON,MOTHERSON.NS,94.5945945945946
Mankind Pharma Ltd.,Mankind Pharma Limited,MANKIND,MANKIND.NS,87.5
Hindalco Industries Ltd.,Hindalco Industries Limited,HINDALCO,HINDALCO.NS,90.47619047619048
Tech Mahindra Ltd.,Tech Mahindra Limited,TECHM,TECHM.NS,86.66666666666667
Varun Beverages Ltd.,Varun Beverages Limited,VBL,VBL.NS,88.23529411764706
Schaeffler India Ltd.,Schaeffler India Limited,SCHAEFFLER,SCHAEFFLER.NS,88.88888888888889
ICICI Lombard General Insurance Company Ltd.,ICICI Lombard General Insurance Company Limited,ICICIGI,ICICIGI.NS,95.1219512195122
ICICI Prudential Life Insurance Company Ltd.,ICICI Prudential Life Insurance Company Limited,ICICIPRULI,ICICIPRULI.NS,95.1219512195122
Sona Blw Precision Forgings Ltd.,Sona BLW Precision Forgings Limited,SONACOMS,SONACOMS.NS,93.10344827586206
PI Industries Ltd.,PI Industries Limited,PIIND,PIIND.NS,86.66666666666667
Motherson Sumi Wiring India Ltd.,Motherson Sumi Wiring India Limited,MSUMI,MSUMI.NS,93.10344827586206
Brainbees Solutions Ltd.,Brainbees Solutions Limited,FIRSTCRY,FIRSTCRY.NS,90.47619047619048
Maruti Suzuki India Ltd.,Maruti Suzuki India Limited,MARUTI,MARUTI.NS,90.47619047619048
Ultratech Cement Ltd.,UltraTech Cement Limited,ULTRACEMCO,ULTRACEMCO.NS,88.88888888888889
Tata Consultancy Services Ltd.,Tata Consultancy Services Limited,TCS,TCS.NS,92.5925925925926
TVS Motor Company Ltd.,TVS Motor Company Limited,TVSMOTOR,TVSMOTOR.NS,89.47368421052632
Power Grid Corporation Of India Ltd.,Power Grid Corporation of India Limited,POWERGRID,POWERGRID.NS,93.93939393939394
Timken India Ltd.,Timken India Limited,TIMKEN,TIMKEN.NS,85.71428571428572
L&T Technology Services Ltd.,L&T Technology Services Limited,LTTS,LTTS.NS,91.66666666666666
Kajaria Ceramics Ltd.,Kajaria Ceramics Limited,KAJARIACER,KAJARIACER.NS,88.88888888888889
Dr. Lal Path Labs Ltd.,Dr. Lal Path Labs Ltd.,LALPATHLAB,LALPATHLAB.NS,100.0
Jubilant Foodworks Ltd.,Jubilant Foodworks Limited,JUBLFOOD,JUBLFOOD.NS,90.0
FSN E-Commerce Ventures Ltd.,FSN E-Commerce Ventures Limited,NYKAA,NYKAA.NS,91.66666666666666
Honeywell Automation India Ltd.,Honeywell Automation India Limited,HONAUT,HONAUT.NS,92.85714285714286
Godrej Properties Ltd.,Godrej Properties Limited,GODREJPROP,GODREJPROP.NS,89.47368421052632
Colgate Palmolive (India) Ltd.,Colgate Palmolive (India) Limited,COLPAL,COLPAL.NS,92.0
Bajaj Finance Ltd.,Bajaj Finance Limited,BAJFINANCE,BAJFINANCE.NS,86.66666666666667
Interglobe Aviation Ltd.,InterGlobe Aviation Limited,INDIGO,INDIGO.NS,90.47619047619048
Muthoot Finance Ltd.,Muthoot Finance Limited,MUTHOOTFIN,MUTHOOTFIN.NS,88.23529411764706
Nuvoco Vistas Corporation Ltd.,Nuvoco Vistas Corporation Limited,NUVOCO,NUVOCO.NS,92.5925925925926
Max Financial Services Ltd.,Max Financial Services Limited,MFSL,MFSL.NS,91.66666666666666
Mahindra & Mahindra Ltd.,Mahindra & Mahindra Limited,M&M,M&M.NS,89.47368421052632
Grasim Industries Ltd.,Grasim Industries Limited,GRASIM,GRASIM.NS,89.47368421052632
Ashok Leyland Ltd.,Ashok Leyland Limited,ASHOKLEY,ASHOKLEY.NS,86.66666666666667
United Breweries Ltd.,United Breweries Limited,UBL,UBL.NS,88.88888888888889
Aavas Financiers Ltd.,Aavas Financiers Limited,AAVAS,AAVAS.NS,88.88888888888889
Indus Towers Ltd.,Indus Towers Limited,INDUSTOWER,INDUSTOWER.NS,85.71428571428572
Aptus Value Housing Finance India Ltd.,Aptus Value Housing Finance India Limited,APTUS,APTUS.NS,94.28571428571428
Sun Pharmaceutical Industries Ltd.,Sun Pharmaceutical Industries Limited,SUNPHARMA,SUNPHARMA.NS,93.5483870967742
Krishna Institute Of Medical Sciences Ltd.,Krishna Institute of Medical Sciences Limited,KIMS,KIMS.NS,94.87179487179486
VIP Industries Ltd.,VIP Industries Limited,VIPIND,VIPIND.NS,87.5
Carborundum Universal Ltd.,Carborundum Universal Limited,CARBORUNIV,CARBORUNIV.NS,91.30434782608695
AIA Engineering Ltd.,AIA Engineering Limited,AIAENG,AIAENG.NS,88.23529411764706
Kingfa Science & Technology India Ltd.,Kingfa Science & Technology (India) Limited,KINGFA,KINGFA.NS,93.93939393939394
Dixon Technologies (India) Ltd.,Dixon Technologies (India) Limited,DIXON,DIXON.NS,92.3076923076923
Tata Communications Ltd.,Tata Communications Limited,TATACOMM,TATACOMM.NS,90.47619047619048
V-Guard Industries Ltd.,V-Guard Industries Limited,VGUARD,VGUARD.NS,89.47368421052632
Manappuram Finance Ltd.,Manappuram Finance Limited,MANAPPURAM,MANAPPURAM.NS,90.0
G R Infra Projects Ltd.,G R Infraprojects Limited,GRINFRA,GRINFRA.NS,87.17948717948718
Cummins India Ltd.,Cummins India Limited,CUMMINSIND,CUMMINSIND.NS,86.66666666666667
Indian Energy Exchange Ltd.,Indian Energy Exchange Limited,IEX,IEX.NS,91.66666666666666
HDB Financial Services Ltd.,HDB Financial Services Limited,HDBFS,HDBFS.NS,91.66666666666666
Grindwell Norton Ltd.,Grindwell Norton Limited,GRINDWELL,GRINDWELL.NS,88.88888888888889
Relaxo Footwears Ltd.,Relaxo Footwears Limited,RELAXO,RELAXO.NS,88.88888888888889
Aether Industries Ltd.,Aether Industries Limited,AETHER,AETHER.NS,89.47368421052632
Sai Silks (Kalamandir) Ltd.,Sai Silks (Kalamandir) Limited,KALAMANDIR,KALAMANDIR.NS,90.9090909090909
Bajaj Finserv Ltd.,Bajaj Finserv Limited,BAJAJFINSV,BAJAJFINSV.NS,86.66666666666667
Paradeep Phosphates Ltd.,Paradeep Phosphates Limited,PARADEEP,PARADEEP.NS,90.47619047619048
Dalmia Bharat Ltd.,Dalmia Bharat Limited,DALBHARAT,DALBHARAT.NS,86.66666666666667
Torrent Power Ltd.,Torrent Power Limited,TORNTPOWER,TORNTPOWER.NS,86.66666666666667
Vishal Mega Mart Ltd.,Vishal Mega Mart Limited,VMM,VMM.NS,88.88888888888889
Kalpataru Projects International Ltd.,Kalpataru Projects International Limited,KPIL,KPIL.NS,94.11764705882352
Prestige Estates Projects Ltd.,Prestige Estates Projects Limited,PRESTIGE,PRESTIGE.NS,92.5925925925926
V-Mart Retail Ltd.,V-Mart Retail Limited,VMART,VMART.NS,85.71428571428572
Archean Chemical Industries Ltd.,Archean Chemical Industries Limited,ACI,ACI.NS,93.10344827586206
Jupiter Life Line Hospitals Ltd.,Jupiter Life Line Hospitals Limited,JLHL,JLHL.NS,93.10344827586206
Mrs. Bectors Food Specialities Ltd.,Mrs. Bectors Food Specialities Limited,BECTORFOOD,BECTORFOOD.NS,93.5483870967742
Petronet Lng Ltd.,Petronet LNG Limited,PETRONET,PETRONET.NS,85.71428571428572
The Federal Bank Ltd.,The Federal Bank  Limited,FEDERALBNK,FEDERALBNK.NS,88.88888888888889
Nazara Technologies Ltd.,Nazara Technologies Limited,NAZARA,NAZARA.NS,90.47619047619048
Punjab National Bank,Punjab National Bank,PNB,PNB.NS,100.0
Elgi Equipments Ltd.,Elgi Equipments Limited,ELGIEQUIP,ELGIEQUIP.NS,88.23529411764706
Balkrishna Industries Ltd.,Balkrishna Industries Limited,BALKRISIND,BALKRISIND.NS,91.30434782608695
Electronics Mart India Ltd.,Electronics Mart India Limited,EMIL,EMIL.NS,91.66666666666666
Stanley Lifestyles Ltd.,Stanley Lifestyles Limited,STANLEY,STANLEY.NS,90.0
Escorts Kubota Ltd.,Escorts Kubota Limited,ESCORTS,ESCORTS.NS,87.5
Brigade Hotel Ventures Ltd.,Brigade Hotel Ventures Limited,BRIGHOTEL,BRIGHOTEL.NS,91.66666666666666
Mangalore Chemicals & Fertilizers Ltd.,Mangalore Chemicals & Fertilizers Limited,MANGCHEFER,MANGCHEFER.NS,93.93939393939394
Craftsman Automation Ltd.,Craftsman Automation Limited,CRAFTSMAN,CRAFTSMAN.NS,90.9090909090909
Oil & Natural Gas Corporation Ltd.,Oil & Natural Gas Corporation Limited,ONGC,ONGC.NS,93.10344827586206
Nestle India Ltd.,Nestle India Limited,NESTLEIND,NESTLEIND.NS,85.71428571428572
Bharat Petroleum Corporation Ltd.,Bharat Petroleum Corporation Limited,BPCL,BPCL.NS,93.33333333333331
Glaxosmithkline Pharmaceuticals Ltd.,GlaxoSmithKline Pharmaceuticals Limited,GLAXO,GLAXO.NS,93.93939393939394
National Aluminium Company Ltd.,National Aluminium Company Limited,NATIONALUM,NATIONALUM.NS,92.85714285714286
Abbott India Ltd.,Abbott India Limited,ABBOTINDIA,ABBOTINDIA.NS,85.71428571428572
Bharat Forge Ltd.,Bharat Forge Limited,BHARATFORG,BHARATFORG.NS,85.71428571428572
Bank Of Baroda,Bank of Baroda,BANKBARODA,BANKBARODA.NS,100.0
Sanofi Consumer Healthcare India Ltd.,Sanofi Consumer Healthcare India Limited,SANOFICONR,SANOFICONR.NS,94.11764705882352
Computer Age Management Services Ltd.,Computer Age Management Services Limited,CAMS,CAMS.NS,94.11764705882352
IndusInd Bank Ltd.,IndusInd Bank Limited,INDUSINDBK,INDUSINDBK.NS,86.66666666666667
Aster Dm Healthcare Ltd.,Aster DM Healthcare Limited,ASTERDM,ASTERDM.NS,90.47619047619048
Mahindra & Mahindra Financial Services Ltd.,Mahindra & Mahindra Financial Services Limited,M&MFIN,M&MFIN.NS,94.73684210526316
Alkem Laboratories Ltd.,Alkem Laboratories Limited,ALKEM,ALKEM.NS,90.0
Indian Oil Corporation Ltd.,Indian Oil Corporation Limited,IOC,IOC.NS,91.66666666666666
PNB Housing Finance Ltd.,PNB Housing Finance Limited,PNBHOUSING,PNBHOUSING.NS,90.47619047619048
HCL Technologies Ltd.,HCL Technologies Limited,HCLTECH,HCLTECH.NS,88.88888888888889
Whirlpool Of India Ltd.,Whirlpool of India Limited,WHIRLPOOL,WHIRLPOOL.NS,90.0
United Spirits Ltd.,United Spirits Limited,UNITDSPR,UNITDSPR.NS,87.5
Navin Fluorine International Ltd.,Navin Fluorine International Limited,NAVINFLUOR,NAVINFLUOR.NS,93.33333333333331
Sanofi India Ltd.,Sanofi India Limited,SANOFI,SANOFI.NS,85.71428571428572
Rallis India Ltd.,Rallis India Limited,RALLIS,RALLIS.NS,85.71428571428572
Life Insurance Corporation Of India,Life Insurance Corporation Of India,LICI,LICI.NS,100.0
Bank Of Maharashtra,Bank of Maharashtra,MAHABANK,MAHABANK.NS,100.0
Ashiana Housing Ltd.,Ashiana Housing Limited,ASHIANA,ASHIANA.NS,88.23529411764706
The Ramco Cements Ltd.,The Ramco Cements Limited,RAMCOCEM,RAMCOCEM.NS,89.47368421052632
Equitas Small Finance Bank Ltd.,Equitas Small Finance Bank Limited,EQUITASBNK,EQUITASBNK.NS,92.85714285714286
Neogen Chemicals Ltd.,Neogen Chemicals Limited,NEOGEN,NEOGEN.NS,88.88888888888889
Prism Johnson Ltd.,Prism Johnson Limited,PRSMJOHNSN,PRSMJOHNSN.NS,86.66666666666667
Steel Authority Of India Ltd.,Steel Authority of India Limited,SAIL,SAIL.NS,92.3076923076923
Ingersoll Rand (India) Ltd.,Ingersoll Rand (India) Limited,INGERRAND,INGERRAND.NS,90.9090909090909
Gateway Distriparks Ltd.,Gateway Distriparks Limited,GATEWAY,GATEWAY.NS,90.47619047619048
Aurobindo Pharma Ltd.,Aurobindo Pharma Limited,AUROPHARMA,AUROPHARMA.NS,88.88888888888889
Sula Vineyards Ltd.,Sula Vineyards Limited,SULA,SULA.NS,87.5
Greenply Industries Ltd.,Greenply Industries Limited,GREENPLY,GREENPLY.NS,90.47619047619048
Automotive Axles Ltd.,Automotive Axles Limited,AUTOAXLES,AUTOAXLES.NS,88.88888888888889
Jindal Steel Ltd.,JINDAL STEEL LIMITED,JINDALSTEL,JINDALSTEL.NS,85.71428571428572
Gland Pharma Ltd.,Gland Pharma Limited,GLAND,GLAND.NS,85.71428571428572
Godrej Consumer Products Ltd.,Godrej Consumer Products Limited,GODREJCP,GODREJCP.NS,92.3076923076923
Sundram Fasteners Ltd.,Sundram Fasteners Limited,SUNDRMFAST,SUNDRMFAST.NS,89.47368421052632
Hindustan Petroleum Corporation Ltd.,Hindustan Petroleum Corporation Limited,HINDPETRO,HINDPETRO.NS,93.93939393939394
ZF Commercial Vehicle Control Systems India Ltd.,ZF Commercial Vehicle Control Systems India Limited,ZFCVINDIA,ZFCVINDIA.NS,95.55555555555556
Cholamandalam Financial Holdings Ltd.,Cholamandalam Financial Holdings Limited,CHOLAHLDNG,CHOLAHLDNG.NS,94.11764705882352
Acutaas Chemicals Ltd.,Acutaas Chemicals Limited,ACUTAAS,ACUTAAS.NS,89.47368421052632
Hatsun Agro Product Ltd.,Hatsun Agro Product Limited,HATSUN,HATSUN.NS,90.47619047619048
Tube Investments Of India Ltd.,Tube Investments of India Limited,TIINDIA,TIINDIA.NS,92.5925925925926
Aditya Birla Capital Ltd.,Aditya Birla Capital Limited,ABCAPITAL,ABCAPITAL.NS,90.9090909090909
Bank Of India,Bank of India,BANKINDIA,BANKINDIA.NS,100.0
Ganesha Ecosphere Ltd.,Ganesha Ecosphere Limited,GANECOS,GANECOS.NS,89.47368421052632
Lemon Tree Hotels Ltd.,Lemon Tree Hotels Limited,LEMONTREE,LEMONTREE.NS,89.47368421052632
Solar Industries India Ltd.,Solar Industries India Limited,SOLARINDS,SOLARINDS.NS,91.66666666666666
Adani Energy Solutions Ltd.,Adani Energy Solutions Limited,ADANIENSOL,ADANIENSOL.NS,91.66666666666666
Procter & Gamble Hygiene And Health Care Ltd.,Procter & Gamble Hygiene and Health Care Limited,PGHH,PGHH.NS,95.0
Adani Ports And Special Economic Zone Ltd.,Adani Ports and Special Economic Zone Limited,ADANIPORTS,ADANIPORTS.NS,94.87179487179486
Sundaram Finance Ltd.,Sundaram Finance Limited,SUNDARMFIN,SUNDARMFIN.NS,88.88888888888889
Bharat Heavy Electricals Ltd.,Bharat Heavy Electricals Limited,BHEL,BHEL.NS,92.3076923076923
Oberoi Realty Ltd.,Oberoi Realty Limited,OBEROIRLTY,OBEROIRLTY.NS,86.66666666666667
The Phoenix Mills Ltd.,The Phoenix Mills Limited,PHOENIXLTD,PHOENIXLTD.NS,89.47368421052632
Cohance Lifesciences Ltd.,Cohance Lifesciences Limited,COHANCE,COHANCE.NS,90.9090909090909
The India Cements Ltd.,The India Cements Limited,INDIACEM,INDIACEM.NS,89.47368421052632
Urban Company Ltd.,Urban Company Limited,URBANCO,URBANCO.NS,86.66666666666667
Garware Technical Fibres Ltd.,Garware Technical Fibres Limited,GARFIBRES,GARFIBRES.NS,92.3076923076923
Gokaldas Exports Ltd.,Gokaldas Exports Limited,GOKEX,GOKEX.NS,88.88888888888889
CCL Products (India) Ltd.,CCL Products (India) Limited,CCL,CCL.NS,90.0
Anthem Biosciences Ltd.,Anthem Biosciences Limited,ANTHEM,ANTHEM.NS,90.0
Clean Science & Technology Ltd.,Clean Science and Technology Limited,CLEAN,CLEAN.NS,85.71428571428572
Hyundai Motor India Ltd.,Hyundai Motor India Limited,HYUNDAI,HYUNDAI.NS,90.47619047619048
Privi Speciality Chemicals Ltd.,Privi Speciality Chemicals Limited,PRIVISCL,PRIVISCL.NS,92.85714285714286
Ather Energy Ltd.,Ather Energy Limited,ATHERENERG,ATHERENERG.NS,85.71428571428572
Happiest Minds Technologies Ltd.,Happiest Minds Technologies Limited,HAPPSTMNDS,HAPPSTMNDS.NS,93.10344827586206
Indiamart Intermesh Ltd.,Indiamart Intermesh Limited,INDIAMART,INDIAMART.NS,90.47619047619048
Sbfc Finance Ltd.,SBFC Finance Limited,SBFC,SBFC.NS,85.71428571428572
Happy Forgings Ltd.,Happy Forgings Limited,HAPPYFORGE,HAPPYFORGE.NS,87.5
Doms Industries Ltd.,DOMS Industries Limited,DOMS,DOMS.NS,88.23529411764706
Deepak Fertilizers And Petrochemicals Corporation Ltd.,Deepak Fertilizers and Petrochemicals Corporation Limited,DEEPAKFERT,DEEPAKFERT.NS,96.07843137254902
Fine Organic Industries Ltd.,Fine Organic Industries Limited,FINEORG,FINEORG.NS,92.0
Thangamayil Jewellery Ltd.,Thangamayil Jewellery Limited,THANGAMAYL,THANGAMAYL.NS,91.30434782608695
Finolex Industries Ltd.,Finolex Industries Limited,FINPIPE,FINPIPE.NS,90.0
Sansera Engineering Ltd.,Sansera Engineering Limited,SANSERA,SANSERA.NS,90.47619047619048
Go Fashion (India) Ltd.,Go Fashion (India) Limited,GOCOLORS,GOCOLORS.NS,88.88888888888889
Knr Constructions Ltd.,KNR Constructions Limited,KNRCON,KNRCON.NS,89.47368421052632
Cms Info Systems Ltd.,CMS Info Systems Limited,CMSINFO,CMSINFO.NS,88.88888888888889
Triveni Turbine Ltd.,Triveni Turbine Limited,TRITURBINE,TRITURBINE.NS,88.23529411764706
Ratnamani Metals & Tubes Ltd.,Ratnamani Metals & Tubes Limited,RATNAMANI,RATNAMANI.NS,91.66666666666666
Rossari Biotech Ltd.,Rossari Biotech Limited,ROSSARI,ROSSARI.NS,88.23529411764706
Balrampur Chini Mills Ltd.,Balrampur Chini Mills Limited,BALRAMCHIN,BALRAMCHIN.NS,91.30434782608695
Rajratan Global Wire Ltd.,Rajratan Global Wire Limited,RAJRATAN,RAJRATAN.NS,90.9090909090909
Acme Solar Holdings Ltd.,Acme Solar Holdings Limited,ACMESOLAR,ACMESOLAR.NS,90.47619047619048
Westlife Foodworld Ltd.,WESTLIFE FOODWORLD LIMITED,WESTLIFE,WESTLIFE.NS,90.0
Ajax Engineering Ltd.,Ajax Engineering Limited,AJAXENGG,AJAXENGG.NS,88.88888888888889
Afcons Infrastructure Ltd.,Afcons Infrastructure Limited,AFCONS,AFCONS.NS,91.30434782608695
Ahluwalia Contracts (India) Ltd.,Ahluwalia Contracts (India) Limited,AHLUCONT,AHLUCONT.NS,92.5925925925926
Chemplast Sanmar Ltd.,Chemplast Sanmar Limited,CHEMPLASTS,CHEMPLASTS.NS,88.88888888888889
Anandrathi Wealth Ltd.,Anand Rathi Wealth Limited,ANANDRATHI,ANANDRATHI.NS,87.17948717948718
Brigade Enterprises Ltd.,Brigade Enterprises Limited,BRIGADE,BRIGADE.NS,90.47619047619048
TTK Prestige Ltd.,TTK Prestige Limited,TTKPRESTIG,TTKPRESTIG.NS,85.71428571428572
Hexaware Technologies Ltd.,Hexaware Technologies Limited,HEXT,HEXT.NS,91.30434782608695
TVS Holdings Ltd.,TVS Holdings Limited,TVSHLTD,TVSHLTD.NS,85.71428571428572
Sundaram Clayton Ltd.,Sundaram Clayton Limited,SUNCLAY,SUNCLAY.NS,88.88888888888889
Mahindra Lifespace Developers Ltd.,Mahindra Lifespace Developers Limited,MAHLIFE,MAHLIFE.NS,93.5483870967742
Medplus Health Services Ltd.,Medplus Health Services Limited,MEDPLUS,MEDPLUS.NS,92.0
Fortis Healthcare Ltd.,Fortis Healthcare Limited,FORTIS,FORTIS.NS,89.47368421052632
Heidelbergcement India Ltd.,HeidelbergCement India Limited,HEIDELBERG,HEIDELBERG.NS,91.66666666666666
Gujarat State Petronet Ltd.,Gujarat State Petronet Limited,GSPL,GSPL.NS,91.66666666666666
Niva Bupa Health Insurance Company Ltd.,Niva Bupa Health Insurance Company Limited,NIVABUPA,NIVABUPA.NS,94.44444444444444
Pitti Engineering Ltd.,Pitti Engineering Limited,PITTIENG,PITTIENG.NS,89.47368421052632
Max Healthcare Institute Ltd.,Max Healthcare Institute Limited,MAXHEALTH,MAXHEALTH.NS,92.3076923076923
Torrent Pharmaceuticals Ltd.,Torrent Pharmaceuticals Limited,TORNTPHARM,TORNTPHARM.NS,92.0
Concord Biotech Ltd.,Concord Biotech Limited,CONCORDBIO,CONCORDBIO.NS,88.23529411764706
Vijaya Diagnostic Centre Ltd.,Vijaya Diagnostic Centre Limited,VIJAYA,VIJAYA.NS,92.3076923076923
Rainbow Children'S Medicare Ltd.,Rainbow Childrens Medicare Limited,RAINBOW,RAINBOW.NS,92.85714285714286
Gufic Biosciences Ltd.,Gufic Biosciences Limited,GUFICBIO,GUFICBIO.NS,89.47368421052632
SBI Cards & Payment Services Ltd.,SBI Cards and Payment Services Limited,SBICARD,SBICARD.NS,86.66666666666667
Power Finance Corporation Ltd.,Power Finance Corporation Limited,PFC,PFC.NS,92.5925925925926
City Union Bank Ltd.,City Union Bank Limited,CUB,CUB.NS,88.23529411764706
Care Ratings Ltd.,CARE Ratings Limited,CARERATING,CARERATING.NS,85.71428571428572
Aditya Birla Sun Life Amc Ltd.,Aditya Birla Sun Life AMC Limited,ABSLAMC,ABSLAMC.NS,92.5925925925926
Bharat Electronics Ltd.,Bharat Electronics Limited,BEL,BEL.NS,90.0
Indian Bank,Indian Bank,INDIANB,INDIANB.NS,100.0
General Insurance Corporation Of India,General Insurance Corporation of India,GICRE,GICRE.NS,100.0
Indraprastha Gas Ltd.,Indraprastha Gas Limited,IGL,IGL.NS,88.88888888888889
Engineers India Ltd.,Engineers India Limited,ENGINERSIN,ENGINERSIN.NS,88.23529411764706
Jindal Stainless Ltd.,Jindal Stainless Limited,JSL,JSL.NS,88.88888888888889
Shyam MetaLICs And Energy Ltd.,Shyam Metalics and Energy Limited,SHYAMMETL,SHYAMMETL.NS,92.5925925925926
Ambuja Cements Ltd.,Ambuja Cements Limited,AMBUJACEM,AMBUJACEM.NS,87.5
Hindustan Copper Ltd.,Hindustan Copper Limited,HINDCOPPER,HINDCOPPER.NS,88.88888888888889
Sagar Cements Ltd.,Sagar Cements Limited,SAGCEM,SAGCEM.NS,86.66666666666667
Ashoka Buildcon Ltd.,Ashoka Buildcon Limited,ASHOKA,ASHOKA.NS,88.23529411764706
Samhi Hotels Ltd.,Samhi Hotels Limited,SAMHI,SAMHI.NS,85.71428571428572
Campus Activewear Ltd.,Campus Activewear Limited,CAMPUS,CAMPUS.NS,89.47368421052632
Flair Writing Industries Ltd.,Flair Writing Industries Limited,FLAIR,FLAIR.NS,92.3076923076923
Titan Company Ltd.,Titan Company Limited,TITAN,TITAN.NS,86.66666666666667
Aditya Infotech Ltd.,Aditya Infotech Limited,CPPLUS,CPPLUS.NS,88.23529411764706
Avanti Feeds Ltd.,Avanti Feeds Limited,AVANTIFEED,AVANTIFEED.NS,85.71428571428572
Apollo Tyres Ltd.,Apollo Tyres Limited,APOLLOTYRE,APOLLOTYRE.NS,85.71428571428572
Firstsource Solutions Ltd.,Firstsource Solutions Limited,FSL,FSL.NS,91.30434782608695
Persistent Systems Ltd.,Persistent Systems Limited,PERSISTENT,PERSISTENT.NS,90.0
Route Mobile Ltd.,ROUTE MOBILE LIMITED,ROUTE,ROUTE.NS,85.71428571428572
NIIT Learning Systems Ltd.,NIIT Learning Systems Limited,NIITMTS,NIITMTS.NS,91.30434782608695
Unicommerce Esolutions Ltd.,Unicommerce Esolutions Limited,UNIECOM,UNIECOM.NS,91.66666666666666
Apollo Hospitals Enterprise Ltd.,Apollo Hospitals Enterprise Limited,APOLLOHOSP,APOLLOHOSP.NS,93.10344827586206
Tata Consumer Products Ltd.,TATA CONSUMER PRODUCTS LIMITED,TATACONSUM,TATACONSUM.NS,91.66666666666666
Dr. Reddy'S Laboratories Ltd.,Dr. Reddy's Laboratories Limited,DRREDDY,DRREDDY.NS,91.66666666666666
Hero Motocorp Ltd.,Hero MotoCorp Limited,HEROMOTOCO,HEROMOTOCO.NS,86.66666666666667
Adani Enterprises Ltd.,Adani Enterprises Limited,ADANIENT,ADANIENT.NS,89.47368421052632
Shriram Finance Ltd.,Shriram Finance Limited,SHRIRAMFIN,SHRIRAMFIN.NS,88.23529411764706
Jio Financial Services Ltd.,Jio Financial Services Limited,JIOFIN,JIOFIN.NS,91.66666666666666
Savita Oil Technologies Ltd.,Savita Oil Technologies Limited,SOTL,SOTL.NS,92.0
Graphite India Ltd.,Graphite India Limited,GRAPHITE,GRAPHITE.NS,87.5
Shivalik Bimetal Controls Ltd.,Shivalik Bimetal Controls Limited,SBCL,SBCL.NS,92.5925925925926
Gabriel India Ltd.,Gabriel India Limited,GABRIEL,GABRIEL.NS,86.66666666666667
Endurance Technologies Ltd.,Endurance Technologies Limited,ENDURANCE,ENDURANCE.NS,91.66666666666666
Asahi India Glass Ltd.,Asahi India Glass Limited,ASAHIINDIA,ASAHIINDIA.NS,89.47368421052632
Alicon Castalloy Ltd.,Alicon Castalloy Limited,ALICON,ALICON.NS,88.88888888888889
Info Edge (India) Ltd.,Info Edge (India) Limited,NAUKRI,NAUKRI.NS,88.23529411764706
Teamlease Services Ltd.,Teamlease Services Limited,TEAMLEASE,TEAMLEASE.NS,90.0
Go Digit General Insurance Ltd.,Go Digit General Insurance Limited,GODIGIT,GODIGIT.NS,92.85714285714286
Home First Finance Company India Ltd.,Home First Finance Company India Limited,HOMEFIRST,HOMEFIRST.NS,94.11764705882352
AU Small Finance Bank Ltd.,AU Small Finance Bank Limited,AUBANK,AUBANK.NS,91.30434782608695
Coromandel International Ltd.,Coromandel International Limited,COROMANDEL,COROMANDEL.NS,92.3076923076923
Polycab India Ltd.,Polycab India Limited,POLYCAB,POLYCAB.NS,86.66666666666667
Vedant Fashions Ltd.,Vedant Fashions Limited,MANYAVAR,MANYAVAR.NS,88.23529411764706
LIC Housing Finance Ltd.,LIC Housing Finance Limited,LICHSGFIN,LICHSGFIN.NS,90.47619047619048
GMR Airports Ltd.,GMR AIRPORTS LIMITED,GMRAIRPORT,GMRAIRPORT.NS,85.71428571428572
Bajaj Housing Finance Ltd.,Bajaj Housing Finance Limited,BAJAJHFL,BAJAJHFL.NS,91.30434782608695
Indian Railway Finance Corporation Ltd.,Indian Railway Finance Corporation Limited,IRFC,IRFC.NS,94.44444444444444
Aditya Birla Real Estate Ltd.,Aditya Birla Real Estate Limited,ABREL,ABREL.NS,92.3076923076923
Avanse Financial Services Ltd.,Abans Financial Services Limited,AFSL,AFSL.NS,86.79245283018868
Pnc Infratech Ltd.,PNC Infratech Limited,PNCINFRA,PNCINFRA.NS,86.66666666666667
Godrej Industries Ltd.,Godrej Industries Limited,GODREJIND,GODREJIND.NS,89.47368421052632
Mahanagar Telephone Nigam Ltd.,Mahanagar Telephone Nigam Limited,MTNL,MTNL.NS,92.5925925925926
Aadhar Housing Finance Ltd.,Aadhar Housing Finance Limited,AADHARHFC,AADHARHFC.NS,91.66666666666666
Restaurant Brands Asia Ltd.,Restaurant Brands Asia Limited,RBA,RBA.NS,91.66666666666666
Bandhan Bank Ltd.,Bandhan Bank Limited,BANDHANBNK,BANDHANBNK.NS,85.71428571428572
VRL Logistics Ltd.,VRL Logistics Limited,VRLLOG,VRLLOG.NS,86.66666666666667
Gujarat Pipavav Port Ltd.,Gujarat Pipavav Port Limited,GPPL,GPPL.NS,90.9090909090909
Mahanagar Gas Ltd.,Mahanagar Gas Limited,MGL,MGL.NS,86.66666666666667
Tata Technologies Ltd.,Tata Technologies Limited,TATATECH,TATATECH.NS,89.47368421052632
Thane Investment Corporation Ltd.,Tata Investment Corporation Limited,TATAINVEST,TATAINVEST.NS,88.13559322033898
Tata Capital Ltd.,Tata Capital Limited,TATACAP,TATACAP.NS,85.71428571428572
Sanathan Textiles Ltd.,Sanathan Textiles Limited,SANATHAN,SANATHAN.NS,89.47368421052632
Wonderla Holidays Ltd.,Wonderla Holidays Limited,WONDERLA,WONDERLA.NS,89.47368421052632
Hindustan Aeronautics Ltd.,Hindustan Aeronautics Limited,HAL,HAL.NS,91.30434782608695
Vodafone Idea Ltd.,Vodafone Idea Limited,IDEA,IDEA.NS,86.66666666666667
One 97 Communications Ltd.,One 97 Communications Limited,PAYTM,PAYTM.NS,91.30434782608695
IDFC First Bank Ltd.,IDFC First Bank Limited,IDFCFIRSTB,IDFCFIRSTB.NS,88.23529411764706
Crompton Greaves Consumer Electricals Ltd.,Crompton Greaves Consumer Electricals Limited,CROMPTON,CROMPTON.NS,94.87179487179486
Patanjali Foods Ltd.,Patanjali Foods Limited,PATANJALI,PATANJALI.NS,88.23529411764706
APL Apollo Tubes Ltd.,APL Apollo Tubes Limited,APLAPOLLO,APLAPOLLO.NS,88.88888888888889
Sammaan Capital Ltd.,Sammaan Capital Limited,SAMMAANCAP,SAMMAANCAP.NS,88.23529411764706
Container Corporation Of India Ltd.,Container Corporation of India Limited,CONCOR,CONCOR.NS,93.75
Union Bank Of India,Union Bank of India,UNIONBANK,UNIONBANK.NS,100.0
Hindustan Zinc Ltd.,Hindustan Zinc Limited,HINDZINC,HINDZINC.NS,87.5
Mazagon Dock Shipbuilders Ltd.,Mazagon Dock Shipbuilders Limited,MAZDOCK,MAZDOCK.NS,92.5925925925926
KEI Industries Ltd.,KEI Industries Limited,KEI,KEI.NS,87.5
Multi Commodity Exchange Of India Ltd.,Multi Commodity Exchange of India Limited,MCX,MCX.NS,94.28571428571428
Central Depository Services (I) Ltd.,Central Depository Services (India) Limited,CDSL,CDSL.NS,90.9090909090909
Oracle Financial Services Software Ltd.,Oracle Financial Services Software Limited,OFSS,OFSS.NS,94.44444444444444
Kaynes Technology India Ltd.,Kaynes Technology India Limited,KAYNES,KAYNES.NS,92.0
Pg Electroplast Ltd.,PG Electroplast Limited,PGEL,PGEL.NS,88.23529411764706
Nuvama Wealth Management Ltd.,Nuvama Wealth Management Limited,NUVAMA,NUVAMA.NS,92.3076923076923
Housing And Urban Development Corporation Ltd.,Housing & Urban Development Corporation Limited,HUDCO,HUDCO.NS,90.2439024390244
Zydus Lifesciences Ltd.,Zydus Lifesciences Limited,ZYDUSLIFE,ZYDUSLIFE.NS,90.0
Supreme Industries Ltd.,Supreme Industries Limited,SUPREMEIND,SUPREMEIND.NS,90.0
Bharat Dynamics Ltd.,Bharat Dynamics Limited,BDL,BDL.NS,88.23529411764706
Titagarh Rail Systems Ltd.,TITAGARH RAIL SYSTEMS LIMITED,TITAGARH,TITAGARH.NS,91.30434782608695
Piramal Pharma Ltd.,Piramal Pharma Limited,PPLPHARMA,PPLPHARMA.NS,87.5
KPIT Technologies Ltd.,KPIT Technologies Limited,KPITTECH,KPITTECH.NS,89.47368421052632
Canara Bank,Canara Bank,CANBK,CANBK.NS,100.0
Caplin Point Laboratories Ltd.,Caplin Point Laboratories Limited,CAPLIPOINT,CAPLIPOINT.NS,92.5925925925926
Greaves Cotton Ltd.,Greaves Cotton Limited,GREAVESCOT,GREAVESCOT.NS,87.5
Tata Power Company Ltd.,Tata Power Company Limited,TATAPOWER,TATAPOWER.NS,90.0
Navkar Corporation Ltd.,Navkar Corporation Limited,NAVKARCORP,NAVKARCORP.NS,90.0
Le Travenues Technology Ltd.,Le Travenues Technology Limited,IXIGO,IXIGO.NS,92.0
Siemens Energy India Ltd.,Siemens Energy India Limited,ENRIN,ENRIN.NS,90.9090909090909
Shakti Pumps (India) Ltd.,Shakti Pumps (India) Limited,SHAKTIPUMP,SHAKTIPUMP.NS,90.0
Elin Electronics Ltd.,Elin Electronics Limited,ELIN,ELIN.NS,88.88888888888889
Havells India Ltd.,Havells India Limited,HAVELLS,HAVELLS.NS,86.66666666666667
H.G. Infra Engineering Ltd.,H.G. Infra Engineering Limited,HGINFRA,HGINFRA.NS,90.9090909090909
Eris Lifesciences Ltd.,Eris Lifesciences Limited,ERIS,ERIS.NS,89.47368421052632
Sandur Manganese & Iron Ores Ltd.,Sandur Manganese & Iron Ores Limited,SANDUMA,SANDUMA.NS,92.85714285714286
Chalet Hotels Ltd.,Chalet Hotels Limited,CHALET,CHALET.NS,86.66666666666667
Astec Lifesciences Ltd.,Astec LifeSciences Limited,ASTEC,ASTEC.NS,90.0
UCO Bank,UCO Bank,UCOBANK,UCOBANK.NS,100.0
The Jammu & Kashmir Bank Ltd.,The Jammu & Kashmir Bank Limited,J&KBANK,J&KBANK.NS,91.66666666666666
Poonawalla Fincorp Ltd.,Poonawalla Fincorp Limited,POONAWALLA,POONAWALLA.NS,90.0
Can Fin Homes Ltd.,Can Fin Homes Limited,CANFINHOME,CANFINHOME.NS,86.66666666666667
Godrej Agrovet Ltd.,Godrej Agrovet Limited,GODREJAGRO,GODREJAGRO.NS,87.5
Aditya Birla Money Ltd.,Aditya Birla Money Limited,BIRLAMONEY,BIRLAMONEY.NS,90.0
Pilani Investment & Industries Corporation Ltd.,Pilani Investment and Industries Corporation Limited,PILANIINVS,PILANIINVS.NS,90.9090909090909
Indian Overseas Bank,Indian Overseas Bank,IOB,IOB.NS,100.0
Punjab & Sind Bank,Punjab & Sind Bank,PSB,PSB.NS,100.0
SBI Life Insurance Company Ltd.,SBI Life Insurance Company Limited,SBILIFE,SBILIFE.NS,92.85714285714286
Bajaj Auto Limited,Bajaj Auto Limited,BAJAJ-AUTO,BAJAJ-AUTO.NS,100.0
Bosch Limited,Bosch Limited,BOSCHLTD,BOSCHLTD.NS,100.0
Infosys Limited,Infosys Limited,INFY,INFY.NS,100.0
Lupin Limited,Lupin Limited,LUPIN,LUPIN.NS,100.0
SAPPHIRE FOODS INDIA LIMITED,Sapphire Foods India Limited,SAPPHIRE,SAPPHIRE.NS,100.0
Varroc Engineering Limited,Varroc Engineering Limited,VARROC,VARROC.NS,100.0
Swiggy Limited,Swiggy Limited,SWIGGY,SWIGGY.NS,100.0
CIE Automotive India Ltd,CIE Automotive India Limited,CIEINDIA,CIEINDIA.NS,90.9090909090909
JK Lakshmi Cement Ltd,JK Lakshmi Cement Limited,JKLAKSHMI,JKLAKSHMI.NS,89.47368421052632
Metropolis Healthcare Ltd.,Metropolis Healthcare Limited,METROPOLIS,METROPOLIS.NS,91.30434782608695
Birlasoft Limited,BIRLASOFT LIMITED,BSOFT,BSOFT.NS,100.0
Zee Entertainment Enterprises Ltd.,Zee Entertainment Enterprises Limited,ZEEL,ZEEL.NS,93.5483870967742
Ramco Systems Ltd.,Ramco Systems Limited,RAMCOSYS,RAMCOSYS.NS,86.66666666666667
ITC LIMITED,ITC Limited,ITC,ITC.NS,100.0
Transport Corporation of India Ltd.,Transport Corporation of India Limited,TCI,TCI.NS,93.75
Delhivery Limited,Delhivery Limited,DELHIVERY,DELHIVERY.NS,100.0
Creditaccess Grameen Limited,CREDITACCESS GRAMEEN LIMITED,CREDITACC,CREDITACC.NS,100.0
The Anup Engineering Limited,The Anup Engineering Limited,ANUP,ANUP.NS,100.0
Voltamp Transformers Ltd.,Voltamp Transformers Limited,VOLTAMP,VOLTAMP.NS,90.9090909090909
Blue Dart Express Ltd.,Blue Dart Express Limited,BLUEDART,BLUEDART.NS,89.47368421052632
Akzo Nobel India Limited,Akzo Nobel India Limited,AKZOINDIA,AKZOINDIA.NS,100.0
Chambal Fertilizers & Chemicals Ltd.,Chambal Fertilizers & Chemicals Limited,CHAMBLFERT,CHAMBLFERT.NS,93.5483870967742
Bajaj Electricals Ltd.,Bajaj Electricals Limited,BAJAJELEC,BAJAJELEC.NS,89.47368421052632
Crisil Limited,CRISIL Limited,CRISIL,CRISIL.NS,100.0
Star Health and Allied Insurance Company Ltd,Star Health and Allied Insurance Company Limited,STARHEALTH,STARHEALTH.NS,95.23809523809524
Great Eastern Shipping Company Ltd.,The Great Eastern Shipping Company Limited,GESHIP,GESHIP.NS,88.23529411764706
PVR INOX LIMITED,PVR INOX Limited,PVRINOX,PVRINOX.NS,100.0
Mahindra Holidays & Resorts Ind Ltd.,Mahindra Holidays & Resorts India Limited,MHRIL,MHRIL.NS,90.625
KEC International Ltd.,KEC International Limited,KEC,KEC.NS,89.47368421052632
Nippon Life India Asset Management Limited,Nippon Life India Asset Management Limited,NAM-INDIA,NAM-INDIA.NS,100.0
Coforge Limited,Coforge Limited,COFORGE,COFORGE.NS,100.0
JSW Infrastructure Limited,JSW Infrastructure Limited,JSWINFRA,JSWINFRA.NS,100.0
MphasiS Limited.,MphasiS Limited,MPHASIS,MPHASIS.NS,100.0
Five-Star Business Finance Limited,Five-Star Business Finance Limited,FIVESTAR,FIVESTAR.NS,100.0
Indian Hotels Company Ltd.,The Indian Hotels Company Limited,INDHOTEL,INDHOTEL.NS,92.0
Centum Electronics Ltd.,Centum Electronics Limited,CENTUM,CENTUM.NS,90.0
Apar Industries Limited,Apar Industries Limited,APARINDS,APARINDS.NS,100.0
Vesuvius India Ltd.,Vesuvius India Limited,VESUVIUS,VESUVIUS.NS,87.5
NTPC Limited,NTPC Limited,NTPC,NTPC.NS,100.0
Wheels India Ltd.,Wheels India Limited,WHEELS,WHEELS.NS,85.71428571428572
Motilal Oswal Financial Services,Motilal Oswal Financial Services Limited,MOTILALOFS,MOTILALOFS.NS,100.0
Devyani International Ltd,Devyani International Limited,DEVYANI,DEVYANI.NS,91.30434782608695
Gulf Oil Lubricants India Ltd.,Gulf Oil Lubricants India Limited,GULFOILLUB,GULFOILLUB.NS,92.5925925925926
PB Fintech Limited,PB Fintech Limited,POLICYBZR,POLICYBZR.NS,100.0
Ipca Laboratories Ltd.,IPCA Laboratories Limited,IPCALAB,IPCALAB.NS,89.47368421052632
Oil India Limited,Oil India Limited,OIL,OIL.NS,100.0
Zensar Technologies Ltd.,Zensar Technologies Limited,ZENSARTECH,ZENSARTECH.NS,90.47619047619048
Lumax Industries Ltd,Lumax Industries Limited,LUMAXIND,LUMAXIND.NS,88.88888888888889
Gujarat Ambuja Exports Ltd.,Gujarat Ambuja Exports Limited,GAEL,GAEL.NS,91.66666666666666
Suprajit Engineering Limited,Suprajit Engineering Limited,SUPRAJIT,SUPRAJIT.NS,100.0
Alembic Pharmaceuticals Limited,Alembic Pharmaceuticals Limited,APLLTD,APLLTD.NS,100.0
UTI Asset Management Company Ltd,UTI Asset Management Company Limited,UTIAMC,UTIAMC.NS,93.33333333333331
Sonata Software Ltd.,Sonata Software Limited,SONATSOFTW,SONATSOFTW.NS,88.23529411764706
Procter & Gamble Health Ltd.,Procter & Gamble Health Limited,PGHL,PGHL.NS,91.30434782608695
Bayer Cropscience Ltd,Bayer Cropscience Limited,BAYERCROP,BAYERCROP.NS,89.47368421052632
Popular Vehicles and Services Limited,Popular Vehicles and Services Limited,PVSL,PVSL.NS,100.0
Rolex Rings Limited,Rolex Rings Limited,ROLEXRINGS,ROLEXRINGS.NS,100.0
DLF LIMITED,DLF Limited,DLF,DLF.NS,100.0
CG Power and Industrial Solutions Ltd.,CG Power and Industrial Solutions Limited,CGPOWER,CGPOWER.NS,94.28571428571428
ITC Hotels Limited,ITC Hotels Limited,ITCHOTELS,ITCHOTELS.NS,100.0
Eternal Limited,ETERNAL LIMITED,ETERNAL,ETERNAL.NS,100.0
Glenmark Pharmaceuticals Ltd.,Glenmark Pharmaceuticals Limited,GLENMARK,GLENMARK.NS,92.3076923076923
Karur Vysya Bank Ltd.,Karur Vysya Bank Limited,KARURVYSYA,KARURVYSYA.NS,88.88888888888889
GUJARAT FLUOROCHEMICALS LIMITED,Gujarat Fluorochemicals Limited,FLUOROCHEM,FLUOROCHEM.NS,100.0
Greenlam Industries Ltd.,Greenlam Industries Limited,GREENLAM,GREENLAM.NS,90.47619047619048
Vardhman Textiles Ltd.,Vardhman Textiles Limited,VTL,VTL.NS,89.47368421052632
Aarti Industries Ltd.,Aarti Industries Limited,AARTIIND,AARTIIND.NS,88.88888888888889
Arvind Limited,Arvind Limited,ARVIND,ARVIND.NS,100.0
Navneet Education Ltd.,Navneet Education Limited,NAVNETEDUL,NAVNETEDUL.NS,89.47368421052632
Bharti Hexacom Limited,Bharti Hexacom Limited,BHARTIHEXA,BHARTIHEXA.NS,100.0
Dhanuka Agritech Ltd.,Dhanuka Agritech Limited,DHANUKA,DHANUKA.NS,88.88888888888889
Greenpanel Industries Limited,Greenpanel Industries Limited,GREENPANEL,GREENPANEL.NS,100.0
Jagran Prakashan Ltd.,Jagran Prakashan Limited,JAGRAN,JAGRAN.NS,88.88888888888889
eClerx Services Limited,eClerx Services Limited,ECLERX,ECLERX.NS,100.0
Sudarshan Chemical Industries Limited,Sudarshan Chemical Industries Limited,SUDARSCHEM,SUDARSCHEM.NS,100.0
Power Mech Projects Ltd.,Power Mech Projects Limited,POWERMECH,POWERMECH.NS,90.47619047619048
Aditya Vision Limited,Aditya Vision Limited,AVL,AVL.NS,100.0
Sharda Cropchem Ltd.,Sharda Cropchem Limited,SHARDACROP,SHARDACROP.NS,88.23529411764706
LG Balakrishnan & Bros Ltd.,LG Balakrishnan & Bros Limited,LGBBROSLTD,LGBBROSLTD.NS,90.9090909090909
AWFIS SPACE SOLUTIONS LIMITED,Awfis Space Solutions Limited,AWFIS,AWFIS.NS,100.0
PEARL GLOBAL INDUSTRIES LIMITED,Pearl Global Industries Limited,PGIL,PGIL.NS,100.0
Redtape Limited,Redtape Limited,REDTAPE,REDTAPE.NS,100.0
FIEM INDUSTRIES LIMITED,Fiem Industries Limited,FIEMIND,FIEMIND.NS,100.0
Dodla Dairy Limited,Dodla Dairy Limited,DODLA,DODLA.NS,100.0
Shoppers Stop Ltd.,Shoppers Stop Limited,SHOPERSTOP,SHOPERSTOP.NS,86.66666666666667
Unichem Laboratories Ltd.,Unichem Laboratories Limited,UNICHEMLAB,UNICHEMLAB.NS,90.9090909090909
Indigo Paints Limited,Indigo Paints Limited,INDIGOPNTS,INDIGOPNTS.NS,100.0
La Opala RG Limited,La Opala RG Limited,LAOPALA,LAOPALA.NS,100.0
GMM Pfaudler Limited,GMM Pfaudler Limited,GMMPFAUDLR,GMMPFAUDLR.NS,100.0
Insecticides (India) Ltd.,Insecticides (India) Limited,INSECTICID,INSECTICID.NS,90.0
Bajaj Consumer Care Ltd.,Bajaj Consumer Care Limited,BAJAJCON,BAJAJCON.NS,90.47619047619048
ION EXCHANGE (INDIA) LIMITED,ION Exchange (India) Limited,IONEXCHANG,IONEXCHANG.NS,100.0
JK Tyre & Industries Limited,JK Tyre & Industries Limited,JKTYRE,JKTYRE.NS,100.0
BEML Limited,BEML Limited,BEML,BEML.NS,100.0
TCPL PACKAGING LIMITED,TCPL Packaging Limited,TCPLPACK,TCPLPACK.NS,100.0
Trent Limited,Trent Limited,TRENT,TRENT.NS,100.0
Ajanta Pharma Limited,Ajanta Pharma Limited,AJANTPHARM,AJANTPHARM.NS,100.0
Dilip Buildcon Ltd.,Dilip Buildcon Limited,DBL,DBL.NS,87.5
REC Limited.,REC Limited,RECLTD,RECLTD.NS,100.0
IIFL Finance Ltd.,IIFL Finance Limited,IIFL,IIFL.NS,85.71428571428572
IIFL CAPITAL SERVICES LIMITED,IIFL Capital Services Limited,IIFLCAPS,IIFLCAPS.NS,100.0
Network 18 Media & Investments Limited,Network18 Media & Investments Limited,NETWORK18,NETWORK18.NS,90.9090909090909
Indiabulls Financial Services Ltd.,PTC India Financial Services Limited,PFS,PFS.NS,85.24590163934427
Fedbank Financial Services Ltd.,Fedbank Financial Services Limited,FEDFINA,FEDFINA.NS,92.85714285714286
IDBI Bank Limited,IDBI Bank Limited,IDBI,IDBI.NS,100.0
Indoco Remedies Ltd.,Indoco Remedies Limited,INDOCO,INDOCO.NS,88.23529411764706
STERLITE TECHNOLOGIES LIMITED,Sterlite Technologies Limited,STLTECH,STLTECH.NS,100.0
METRO BRANDS LIMITED,Metro Brands Limited,METROBRAND,METROBRAND.NS,100.0
Baazar Style Retail Limited,Baazar Style Retail Limited,STYLEBAAZA,STYLEBAAZA.NS,100.0
Technocraft Industries (India) Ltd,Technocraft Industries (India) Limited,TIIL,TIIL.NS,93.33333333333331
UNIPARTS INDIA LIMITED,Uniparts India Limited,UNIPARTS,UNIPARTS.NS,100.0
STL NETWORKS LIMITED,STL Networks Limited,STLNETWORK,STLNETWORK.NS,100.0
Radico Khaitan Limited,Radico Khaitan Limited,RADICO,RADICO.NS,100.0
Sadbhav Infrastructure Project Ltd.,Sadbhav Infrastructure Project Limited,SADBHIN,SADBHIN.NS,93.75
Jubilant Ingrevia Limited,Jubilant Ingrevia Limited,JUBLINGREA,JUBLINGREA.NS,100.0
RHI MAGNESITA INDIA Limited,RHI MAGNESITA INDIA LIMITED,RHIM,RHIM.NS,100.0
TD Power Systems Ltd.,TD Power Systems Limited,TDPOWERSYS,TDPOWERSYS.NS,88.88888888888889
Fusion Finance Limited,Fusion Finance Limited,FUSION,FUSION.NS,100.0
Premier Energies Limited,Premier Energies Limited,PREMIERENE,PREMIERENE.NS,100.0
Sagility Limited,SAGILITY LIMITED,SAGILITY,SAGILITY.NS,100.0
Medi Assist Healthcare Services Limited,Medi Assist Healthcare Services Limited,MEDIASSIST,MEDIASSIST.NS,100.0
Finolex Cables Ltd.,Finolex Cables Limited,FINCABLES,FINCABLES.NS,87.5
GHCL Limited,GHCL Limited,GHCL,GHCL.NS,100.0
DIFFUSION Engineers,Diffusion Engineers Limited,DIFFNKG,DIFFNKG.NS,100.0
GIC Housing Finance Ltd.,GIC Housing Finance Limited,GICHSGFIN,GICHSGFIN.NS,90.47619047619048
Ola Electric Mobility Limited,Ola Electric Mobility Limited,OLAELEC,OLAELEC.NS,100.0
Astral Limited,Astral Limited,ASTRAL,ASTRAL.NS,100.0
Ceigall India Limited,Ceigall India Limited,CEIGALL,CEIGALL.NS,100.0
Inventurus Knowledge Solutions Limited,Inventurus Knowledge Solutions Limited,IKS,IKS.NS,100.0
JNK India Limited,JNK India Limited,JNKINDIA,JNKINDIA.NS,100.0
Jain Resource Recycling Limited,Jain Resource Recycling Limited,JAINREC,JAINREC.NS,100.0
Atlanta Electricals Limited,Atlanta Electricals Limited,ATLANTAELE,ATLANTAELE.NS,100.0
Ellenbarrie Industrial Gases Limited,Ellenbarrie Industrial Gases Limited,ELLEN,ELLEN.NS,100.0
M&B Engineering Limited,HBL Engineering Limited,HBLENGINE,HBLENGINE.NS,89.65517241379311
Aegis Vopak Terminals Limited,Aegis Vopak Terminals Limited,AEGISVOPAK,AEGISVOPAK.NS,100.0
SHARDA MOTOR INDUSTRIES LIMITED,Sharda Motor Industries Limited,SHARDAMOTR,SHARDAMOTR.NS,100.0
Astra Microwave Products Ltd.,Astra Microwave Products Limited,ASTRAMICRO,ASTRAMICRO.NS,92.3076923076923
Premier Explosives Ltd.,Premier Explosives Limited,PREMEXPLN,PREMEXPLN.NS,90.0
Cyient DLM Limited,Cyient DLM Limited,CYIENTDLM,CYIENTDLM.NS,100.0
MTAR Technologies Limited,Mtar Technologies Limited,MTARTECH,MTARTECH.NS,100.0
Data Patterns (India) Limited,Data Patterns (India) Limited,DATAPATTNS,DATAPATTNS.NS,100.0
Avalon Technologies Limited,Avalon Technologies Limited,AVALON,AVALON.NS,100.0
Rishabh Instruments Limited,Rishabh Instruments Limited,RISHABH,RISHABH.NS,100.0
DEE Development Engineers Limited,DEE Development Engineers Limited,DEEDEV,DEEDEV.NS,100.0
IDEAFORGE TECHNOLOGY LIMITED,Ideaforge Technology Limited,IDEAFORGE,IDEAFORGE.NS,100.0
Anand Rathi Share And Stock Brokers Limited,Anand Rathi Share and Stock Brokers Limited,ARSSBL,ARSSBL.NS,100.0
One MobiKwik Systems Limited,One Mobikwik Systems Limited,MOBIKWIK,MOBIKWIK.NS,100.0
LTIMindtree Limited,LTIMindtree Limited,LTIM,LTIM.NS,100.0
Lodha Developers Limited,Lodha Developers Limited,LODHA,LODHA.NS,100.0
Pidilite Industries Ltd.,Pidilite Industries Limited,PIDILITIND,PIDILITIND.NS,90.47619047619048
Adani Green Energy Limited,Adani Green Energy Limited,ADANIGREEN,ADANIGREEN.NS,100.0
Exide Industries Ltd.,Exide Industries Limited,EXIDEIND,EXIDEIND.NS,88.88888888888889
Sai Life Sciences Limited,Sai Life Sciences Limited,SAILIFE,SAILIFE.NS,100.0
Laxmi Dental Limited,Laxmi Dental Limited,LAXMIDENTL,LAXMIDENTL.NS,100.0
Birla Corporation Ltd.,Birla Corporation Limited,BIRLACORPN,BIRLACORPN.NS,89.47368421052632
Kolte Patil Developers Limited,Kolte - Patil Developers Limited,KOLTEPATIL,KOLTEPATIL.NS,100.0
Repco Home Finance Ltd.,Repco Home Finance Limited,REPCOHOME,REPCOHOME.NS,90.0
Shriram Properties Limited,Shriram Properties Limited,SHRIRAMPPS,SHRIRAMPPS.NS,100.0
Orient Electric Ltd,Orient Electric Limited,ORIENTELEC,ORIENTELEC.NS,88.23529411764706
J. Kumar Infraprojects Ltd.,J.Kumar Infraprojects Limited,JKIL,JKIL.NS,88.88888888888889
IRB Infrastructure Developers Ltd.,IRB Infrastructure Developers Limited,IRB,IRB.NS,93.5483870967742
INOX Wind Limited,Inox Wind Limited,INOXWIND,INOXWIND.NS,100.0
Linc Limited,Linc Limited,LINC,LINC.NS,100.0
IKIO Technologies Limited,IKIO Technologies Limited,IKIO,IKIO.NS,100.0
Dynamatic Technologies Ltd.,Dynamatic Technologies Limited,DYNAMATECH,DYNAMATECH.NS,91.66666666666666
Astrazeneca Pharma India Ltd.,AstraZeneca Pharma India Limited,ASTRAZEN,ASTRAZEN.NS,92.3076923076923
Bata India Limited,Bata India Limited,BATAINDIA,BATAINDIA.NS,100.0
Safari Industries (India) Ltd.,Safari Industries (India) Limited,SAFARI,SAFARI.NS,92.0
Godavari Biorefineries Limited,Godavari Biorefineries Limited,GODAVARIB,GODAVARIB.NS,100.0
Saatvik Green Energy Limited,Saatvik Green Energy Limited,SAATVIKGL,SAATVIKGL.NS,100.0
Bansal Wire Industries Limited,Bansal Wire Industries Limited,BANSALWIRE,BANSALWIRE.NS,100.0
Syrma SGS Technology Ltd.,Syrma SGS Technology Limited,SYRMA,SYRMA.NS,90.9090909090909
Jubilant Pharmova Limited,Jubilant Pharmova Limited,JUBLPHARMA,JUBLPHARMA.NS,100.0
Ambet Enterprises India Ltd.,Amber Enterprises India Limited,AMBER,AMBER.NS,88.0
Time Technoplast Limited,Time Technoplast Limited,TIMETECHNO,TIMETECHNO.NS,100.0
Tatva Chintan Pharma Chem Ltd,Tatva Chintan Pharma Chem Limited,TATVA,TATVA.NS,92.5925925925926
TBO TEK LIMITED,TBO Tek Limited,TBOTEK,TBOTEK.NS,100.0
Alkyl Amines Chemicals Limited,Alkyl Amines Chemicals Limited,ALKYLAMINE,ALKYLAMINE.NS,100.0
Mishra Dhatu Nigam Ltd.,Mishra Dhatu Nigam Limited,MIDHANI,MIDHANI.NS,90.0
TEGA INDUSTRIES LIMITED,Tega Industries Limited,TEGA,TEGA.NS,100.0
LMW Limited,LMW Limited,LMW,LMW.NS,100.0
Belrise Industries Limited,Belrise Industries Limited,BELRISE,BELRISE.NS,100.0
S.J.S. Enterprises Limited,S.J.S. Enterprises Limited,SJS,SJS.NS,100.0
Landmark Cars Limited,Landmark Cars Limited,LANDMARK,LANDMARK.NS,100.0
VST Industries Ltd.,VST Industries Limited,VSTIND,VSTIND.NS,87.5
Ador Welding Ltd.,Ador Welding Limited,ADOR,ADOR.NS,85.71428571428572
ICICI Bank Ltd.,ICICI Bank Limited,ICICIBANK,ICICIBANK.NS,100.0
HDFC Bank Ltd.,HDFC Bank Limited,HDFCBANK,HDFCBANK.NS,100.0
Axis Bank Ltd.,Axis Bank Limited,AXISBANK,AXISBANK.NS,100.0
Cipla Ltd.,Cipla Limited,CIPLA,CIPLA.NS,100.0
JSW Steel Ltd.,JSW Steel Limited,JSWSTEEL,JSWSTEEL.NS,100.0
Tata Steel Ltd.,Tata Steel Limited,TATASTEEL,TATASTEEL.NS,100.0
Cyient Ltd.,Cyient Limited,CYIENT,CYIENT.NS,100.0
Redington Ltd.,Redington Limited,REDINGTON,REDINGTON.NS,100.0
Ceat Ltd.,CEAT Limited,CEATLTD,CEATLTD.NS,100.0
Symphony Ltd.,Symphony Limited,SYMPHONY,SYMPHONY.NS,100.0
GNA Axles Ltd.,GNA Axles Limited,GNA,GNA.NS,100.0
Nilkamal Ltd.,Nilkamal Limited,NILKAMAL,NILKAMAL.NS,100.0
L&T Finance Ltd.,L&T Finance Limited,LTF,LTF.NS,100.0
Voltas Ltd.,Voltas Limited,VOLTAS,VOLTAS.NS,100.0
Coal India Ltd.,Coal India Limited,COALINDIA,COALINDIA.NS,100.0
Wockhardt Ltd.,Wockhardt Limited,WOCKPHARMA,WOCKPHARMA.NS,100.0
Dabur India Ltd.,Dabur India Limited,DABUR,DABUR.NS,100.0
SKF India Ltd.,SKF India Limited,SKFINDIA,SKFINDIA.NS,100.0
Wipro Ltd.,Wipro Limited,WIPRO,WIPRO.NS,100.0
SRF Ltd.,SRF Limited,SRF,SRF.NS,100.0
Siemens Ltd.,Siemens Limited,SIEMENS,SIEMENS.NS,100.0
Marico Ltd.,Marico Limited,MARICO,MARICO.NS,100.0
ACC Ltd.,ACC Limited,ACC,ACC.NS,100.0
Emami Ltd.,Emami Limited,EMAMILTD,EMAMILTD.NS,100.0
NRB Bearing Ltd.,NRB Bearing Limited,NRBBEARING,NRBBEARING.NS,100.0
TCI Express Ltd.,TCI Express Limited,TCIEXP,TCIEXP.NS,100.0
T. V. Today Network Ltd.,TV Today Network Limited,TVTODAY,TVTODAY.NS,90.9090909090909
Delta Corp Ltd.,Delta Corp Limited,DELTACORP,DELTACORP.NS,100.0
Blue Star Ltd.,Blue Star Limited,BLUESTARCO,BLUESTARCO.NS,100.0
DCM Shriram Ltd,DCM Shriram Limited,DCMSHRIRAM,DCMSHRIRAM.NS,100.0
CESC Ltd.,CESC Limited,CESC,CESC.NS,100.0
NHPC Ltd.,NHPC Limited,NHPC,NHPC.NS,100.0
RBL Bank Ltd.,RBL Bank Limited,RBLBANK,RBLBANK.NS,100.0
UPL Ltd.,UPL Limited,UPL,UPL.NS,100.0
GAIL (India) Ltd.,GAIL (India) Limited,GAIL,GAIL.NS,100.0
Biocon Ltd.,Biocon Limited,BIOCON,BIOCON.NS,100.0
JSW Energy Ltd.,JSW Energy Limited,JSWENERGY,JSWENERGY.NS,100.0
Laurus Labs Ltd.,Laurus Labs Limited,LAURUSLABS,LAURUSLABS.NS,100.0
ABB India Ltd.,ABB India Limited,ABB,ABB.NS,100.0
MRF Ltd.,MRF Limited,MRF,MRF.NS,100.0
Vedanta Ltd.,Vedanta Limited,VEDL,VEDL.NS,100.0
HFCL Ltd,HFCL Limited,HFCL,HFCL.NS,100.0
Pfizer Ltd.,Pfizer Limited,PFIZER,PFIZER.NS,100.0
Gujarat Gas Ltd.,Gujarat Gas Limited,GUJGASLTD,GUJGASLTD.NS,100.0
Subros Ltd.,Subros Limited,SUBROS,SUBROS.NS,100.0
NCC LTD.,NCC Limited,NCC,NCC.NS,100.0
3M India Ltd.,3M India Limited,3MINDIA,3MINDIA.NS,100.0
MM Forgings Ltd.,MM Forgings Limited,MMFL,MMFL.NS,100.0
JK Paper Ltd.,JK Paper Limited,JKPAPER,JKPAPER.NS,100.0
